評價,日文,英文,詳細
3.75,インペリアルバイキング サール,THE IMPERIAL VIKING SAL,https://tabelog.com/tw/tokyo/A1301/A130102/13002298/
3.75,マンゴツリー東京,Mangotsuritoukyou,https://tabelog.com/tw/tokyo/A1302/A130201/13004078/
3.75,うかい鳥山,Ukaitoriyama,https://tabelog.com/tw/tokyo/A1329/A132905/13006021/
3.75,ほていさん 本店,Hoteisan,https://tabelog.com/tw/tokyo/A1313/A131302/13002242/
3.75,栄寿司,Sakaezushi,https://tabelog.com/tw/tokyo/A1324/A132403/13008118/
3.75,山利喜 本館,Yamariki,https://tabelog.com/tw/tokyo/A1312/A131201/13002992/
3.75,味噌麺処 花道,Misomendokorohanamichi,https://tabelog.com/tw/tokyo/A1321/A132104/13055183/
3.75,とんかつひなた,Tonkatsuhinata,https://tabelog.com/tw/tokyo/A1305/A130503/13204289/
3.75,味坊,Ajibou,https://tabelog.com/tw/tokyo/A1310/A131002/13009143/
3.75,メゾン・ランドゥメンヌ 麻布台,MAISON LANDEMAINE,https://tabelog.com/tw/tokyo/A1307/A130701/13180316/
3.75,パークサイドダイナー,Parkside DINER,https://tabelog.com/tw/tokyo/A1301/A130102/13037894/
3.75,RESTAURANT DAZZLE,RESTAURANT DAZZLE,https://tabelog.com/tw/tokyo/A1301/A130101/13022542/
3.75,神田 勝本,Kandakatsumoto,https://tabelog.com/tw/tokyo/A1310/A131003/13192433/
3.75,赤坂一龍 別館,Akasakaichiryuu,https://tabelog.com/tw/tokyo/A1308/A130801/13002759/
3.75,麺や 維新,menyaishin,https://tabelog.com/tw/tokyo/A1316/A131601/13161626/
3.75,クルミドコーヒー,KURUMED COFFEE,https://tabelog.com/tw/tokyo/A1325/A132502/13056474/
3.75,ファクトリー,FACTORY,https://tabelog.com/tw/tokyo/A1309/A130904/13093265/
3.75,ラーメン燈郎,Ramentourou,https://tabelog.com/tw/tokyo/A1312/A131204/13128244/
3.75,八咫烏,Yatagarasu,https://tabelog.com/tw/tokyo/A1309/A130906/13198710/
3.75,味芳斎 支店,Mihousai,https://tabelog.com/tw/tokyo/A1314/A131401/13001509/
3.75,浅草浪花家,Asakusananiwaya,https://tabelog.com/tw/tokyo/A1311/A131102/13120735/
3.75,グリルK,Guriruke,https://tabelog.com/tw/tokyo/A1323/A132301/13059129/
3.75,レピキュリアン,L'EPICURIEN,https://tabelog.com/tw/tokyo/A1320/A132001/13005891/
3.75,レゾナンス,resonance,https://tabelog.com/tw/tokyo/A1302/A130201/13020122/
3.75,中華風家庭料理 ふーみん,chuukafuukateiryourifu-min,https://tabelog.com/tw/tokyo/A1306/A130602/13002096/
3.75,とんかつ檍 銀座店,tonkatsuaoki,https://tabelog.com/tw/tokyo/A1301/A130101/13219635/
3.75,グリルエフ,Guriruefu,https://tabelog.com/tw/tokyo/A1316/A131603/13001552/
3.75,maru 2F,Marunikai,https://tabelog.com/tw/tokyo/A1302/A130203/13023439/
3.75,うさぎや,Usagiya,https://tabelog.com/tw/tokyo/A1319/A131905/13000731/
3.75,すぱいす,Supaisu,https://tabelog.com/tw/tokyo/A1319/A131906/13004379/
3.75,庭つ鶏,Niwatsudori,https://tabelog.com/tw/tokyo/A1316/A131603/13020732/
3.75,和kitchen かんな,wakicchinkanna,https://tabelog.com/tw/tokyo/A1317/A131706/13156812/
3.75,四川豆花飯荘 東京店,Shisentoufahansou,https://tabelog.com/tw/tokyo/A1302/A130201/13038505/
3.75,奥芝商店 八王子田代城,Okushibashouten,https://tabelog.com/tw/tokyo/A1329/A132904/13048177/
3.75,たちばな,Tachibana,https://tabelog.com/tw/tokyo/A1301/A130103/13022189/
3.75,ヘイフンテラス,Hei Fung Terrace,https://tabelog.com/tw/tokyo/A1301/A130102/13042931/
3.75,赤鬼,Akaoni,https://tabelog.com/tw/tokyo/A1317/A131706/13001382/
3.75,とんかつ ゆたか,Tonkatsuyutaka,https://tabelog.com/tw/tokyo/A1311/A131102/13003669/
3.75,ヴォメロ,Vomero,https://tabelog.com/tw/tokyo/A1301/A130101/13139857/
3.75,イル ギオットーネ 丸の内店,IL GHIOTTONE,https://tabelog.com/tw/tokyo/A1302/A130201/13020096/
